"left","right","n"
NA,NA,453
"registered","trademark",61
"i","am",53
"trademark","registered",41
"it","is",26
"this","song",19
"from","india",18
"am","from",13
"am","here",13
"do","not",12
"me","too",9
"india","is",7
"laughing","out",7
"no","one",7
"out","loud",7
"love","from",6
"mu","mu",6
"yes","bro",6
"are","not",5
"i","will",5
"in","april",5
"is","not",5
"song","is",5
"that","is",5
"to","this",5
"we","are",5
"you","are",5
"am","in",4
"and","i",4
"but","i",4
"cent","cent",4
"im","here",4
"in","mumbai",4
"in","the",4
"is","a",4
"living","in",4
"no","it",4
"they","are",4
"excuse","me",3
"here","from",3
"how","did",3
"i","do",3
"i","have",3
"i","love",3
"india","and",3
"india","registered",3
"is","insulting",3
"is","still",3
"is","the",3
"listen","to",3
"listened","this",3
"me","registered",3
"not","even",3
"not","it",3
"not","put",3
"of","india",3
"so","do",3
"south","india",3
"this","is",3
"to","be",3
"trademark","mu",3
"why","we",3
"wish","you",3
"yes","sir",3
"a","long",2
"a","time",2
"able","to",2
"about","north",2
"aj","aj",2
"always","welcome",2
"am","a",2
"am","indian",2
"am","living",2
"am","not",2
"and","beauty",2
"and","he",2
"and","it",2
"and","no",2
"and","pakistan",2
"and","tobago",2
"and","you",2
"april","th",2
"are","in",2
"as","i",2
"as","well",2
"back","to",2
"based","on",2
"big","country",2
"come","back",2
"country","they",2
"culture","and",2
"did","you",2
"even","i",2
"for","you",2
"from","the",2
"from","trinidad",2
"he","is",2
"hindu","country",2
"i","also",2
"i","like",2
"i","listen",2
"i","literally",2
"i","m",2
"i","was",2
"i","wish",2
"in","may",2
"india","so",2
"indian","culture",2
"insulting","india",2
"is","based",2
"is","from",2
"is","here",2
"is","hindu",2
"is","only",2
"is","so",2
"is","why",2
"it","was",2
"la","cancion",2
"like","other",2
"like","your",2
"listening","to",2
"long","time",2
"love","this",2
"love","u",2
"made","a",2
"me","bro",2
"me","cent",2
"me","on",2
"me","present",2
"mu","cent",2
"mu","registered",2
"mumbai","too",2
"my","country",2
"my","friend",2
"my","india",2
"next","year",2
"north","india",2
"not","able",2
"not","worry",2
"not","you",2
"of","comments",2
"of","course",2
"one","asked",2
"one","is",2
"people","are",2
"showing","that",2
"song","forever",2
"th","time",2
"thanks","for",2
"the","food",2
"the","future",2
"the","world",2
"these","type",2
"thousands","of",2
"time","traveler",2
"to","show",2
"trinidad","and",2
"turkey","and",2
"type","of",2
"u","from",2
"u","south",2
"we","have",2
"we","here",2
"what","i",2
"what","is",2
"when","i",2
"will","be",2
"will","definitely",2
"with","muslims",2
"yes","i",2
"yes","me",2
"you","and",2
"you","know",2
"you","say",2
"your","culture",2
"a","beautiful",1
"a","big",1
"a","filipino",1
"a","indian",1
"a","kid",1
"a","muslim",1
"a","reply",1
"a","roast",1
"a","secular",1
"a","single",1
"a","sky",1
"a","song",1
"a","ti",1
"a","todos",1
"a","trinidadian",1
"a","vlog",1
"a","week",1
"a","white",1
"aadmi","naak",1
"aaja","bhai",1
"aane","to",1
"aapke","apni",1
"aapko","kuch",1
"abel","joe",1
"abhi","toh",1
"about","my",1
"about","that",1
"about","you",1
"access","to",1
"acetheerzar","no",1
"achei","not",1
"ada","bng",1
"addicted","to",1
"adelantes","tanto",1
"adopt","terrorists",1
"adopted","arabic",1
"advanced","date",1
"advise","every",1
"after","seeing",1
"again","coz",1
"agaya","likes",1
"agenda","king",1
"ahora","xd",1
"aisa","nahi",1
"aj","th",1
"aku","bukan",1
"alcoholic","substance",1
"alive","will",1
"all","dead",1
"all","destroyed",1
"all","of",1
"all","time",1
"all","wold",1
"already","come",1
"also","becoming",1
"also","come",1
"also","miss",1
"also","nice",1
"also","no",1
"also","these",1
"am","amazed",1
"am","at",1
"am","bangaladeshi",1
"am","currently",1
"am","eu",1
"am","form",1
"am","just",1
"am","listening",1
"am","please",1
"am","proud",1
"am","still",1
"amazed","ure",1
"amiirzack","registered",1
"amiirzackbharat","registered",1
"an","end",1
"an","idiot",1
"analuizacaetanodafonsecapreco","neni",1
"and","also",1
"and","argentina",1
"and","ask",1
"and","best",1
"and","content",1
"and","culture",1
"and","educated",1
"and","food",1
"and","for",1
"and","hello",1
"and","hindu",1
"and","idol",1
"and","if",1
"and","im",1
"and","indian",1
"and","listened",1
"and","listening",1
"and","north",1
"and","other",1
"and","same",1
"and","showing",1
"and","slavery",1
"and","the",1
"and","time",1
"and","west",1
"antigas","tem",1
"apan","logon",1
"apni","lagao",1
"applicable","verdade",1
"appreciating","india",1
"april","am",1
"april","date",1
"april","nd",1
"april","that",1
"april","when",1
"april","yet",1
"aqui","y",1
"arabic","culture",1
"are","addicted",1
"are","always",1
"are","comparing",1
"are","fool",1
"are","just",1
"are","ktva",1
"are","liberals",1
"are","nice",1
"are","only",1
"are","showing",1
"are","so",1
"are","u",1
"are","useless",1
"are","welcome",1
"are","well",1
"area","hai",1
"argentina","from",1
"as","all",1
"as","hindu",1
"as","that",1
"as","this",1
"ashutoshindia","and",1
"ashutoshindia","hinduism",1
"ashutoshsingh","thats",1
"ask","your",1
"asked","and",1
"asked","bot",1
"at","bahrain",1
"at","in",1
"atleast","try",1
"aur","kya",1
"avicii","mu",1
"avril","toute",1
"award","nahi",1
"azokyjufsame","here",1
"baat","baat",1
"baat","pe",1
"baby","ko",1
"back","brother",1
"back","i",1
"back","in",1
"background","made",1
"bahrain","here",1
"bakchod","gyan",1
"bakchodi","se",1
"band","i",1
"bangladesh","copyright",1
"barbie","gi",1
"bas","kar",1
"bc","this",1
"be","back",1
"be","exact",1
"be","fun",1
"be","happy",1
"be","indian",1
"be","listening",1
"be","offended",1
"beautiful","india",1
"beautiful","videos",1
"beauty","the",1
"because","he",1
"because","of",1
"because","u",1
"become","the",1
"becoming","like",1
"before","my",1
"beggars","here",1
"behave","like",1
"believe","he",1
"bendiciones","a",1
"bengal","and",1
"best","luck",1
"best","wishes",1
"bhai","advanced",1
"bhai","dp",1
"bhai","idhar",1
"bhai","ye",1
"bharat","ka",1
"bharat","mata",1
"bhi","paisa",1
"bhi","proud",1
"biggest","mistake",1
"bilalmomin","i",1
"bir","ora",1
"bkl","abhi",1
"black","tent",1
"bollywood","has",1
"bollywood","u",1
"bombasticzoqz","and",1
"bombasticzoqz","yes",1
"boomerangseiko","as",1
"brasil","aqui",1
"bringt","mich",1
"britisher","for",1
"bro","cent",1
"bro","has",1
"bro","here",1
"bro","is",1
"bro","it",1
"bro","its",1
"bro","me",1
"bro","one",1
"bro","pfp",1
"bro","shut",1
"bro","xd",1
"bro","youtube",1
"broadband","on",1
"broo","i",1
"bros","living",1
"brother","i",1
"brothers","fave",1
"bruh","its",1
"bruh","minute",1
"bukan","indonesia",1
"but","after",1
"but","behave",1
"but","it",1
"but","no",1
"but","not",1
"but","still",1
"but","this",1
"but","today",1
"but","wut",1
"but","ye",1
"by","days",1
"by","jai",1
"by","our",1
"by","the",1
"by","then",1
"byson","rib",1
"call","it",1
"call","us",1
"callsignghostwe","were",1
"can","forget",1
"can","hear",1
"can","only",1
"cancion","y",1
"caraca","dias",1
"career","very",1
"cari","juga",1
"ce","nao",1
"cette","chanson",1
"change","dp",1
"chanson","et",1
"chida","la",1
"christains","with",1
"cinema","for",1
"city","of",1
"claiming","my",1
"class","content",1
"clothes","in",1
"cmon","forever",1
"coldpay","mu",1
"coldplay","was",1
"college","exams",1
"com","from",1
"come","from",1
"come","practice",1
"come","to",1
"come","watch",1
"comentario","mais",1
"comment","and",1
"comment","is",1
"comment","shame",1
"commented","on",1
"comments","about",1
"comments","i",1
"comments","please",1
"comments","so",1
"comparing","indian",1
"content","of",1
"copyright","copyright",1
"copyright","dhfw",1
"copyright","fadi",1
"copyright","my",1
"correcto","somos",1
"cosas","y",1
"country","and",1
"country","but",1
"country","i",1
"country","in",1
"country","its",1
"course","do",1
"covered","in",1
"coz","this",1
"crap","missed",1
"crazy","broadband",1
"create","such",1
"cry","harder",1
"cry","like",1
"cry","more",1
"csgd","copyright",1
"cultur","to",1
"cultural","appreciation",1
"culture","depicted",1
"culture","dikhane",1
"culture","first",1
"culture","is",1
"culture","like",1
"culture","not",1
"culture","nothing",1
"culture","still",1
"culture","terrorists",1
"culture","that",1
"culture","to",1
"cultureshows","why",1
"currently","living",1
"cute","love",1
"cuz","u",1
"daily","you",1
"date","and",1
"date","hain",1
"date","ka",1
"day","is",1
"day","l",1
"day","weekend",1
"days","but",1
"de","agaya",1
"de","anos",1
"de","diferenca",1
"de","mi",1
"de","rha",1
"de","tantas",1
"dead","by",1
"deeprobhattacharyya","sure",1
"delhi","that",1
"dentro","de",1
"depicted","here",1
"despues","de",1
"destroyed","bangladesh",1
"dharmadeepsinh","india",1
"dhravai","tht",1
"dialed","into",1
"dias","de",1
"did","i",1
"did","not",1
"dieses","lied",1
"dikha","isme",1
"dikhane","ki",1
"dikhaya","hai",1
"disciplined","and",1
"disrespected","our",1
"djfluffy","mins",1
"do","you",1
"does","it",1
"does","this",1
"dont","speak",1
"dp","pe",1
"dp","please",1
"dp","to",1
"drinking","alcohol",1
"during","festivals",1
"dvovod","dik",1
"earlier","than",1
"educated","but",1
"eh","hahaha",1
"either","muslims",1
"elizabethujmg","place",1
"elizabethujmg","si",1
"else","do",1
"en","janvier",1
"en","realidad",1
"end","only",1
"england","culture",1
"english","please",1
"entire","life",1
"es","correcto",1
"es","nuestra",1
"es","ta",1
"escape","this",1
"especially","west",1
"esse","excuse",1
"estamos","mayo",1
"estou","in",1
"et","le",1
"eu","aceito",1
"eu","estou",1
"even","a",1
"even","get",1
"even","may",1
"even","your",1
"evertonsousa","hey",1
"every","day",1
"every","one",1
"everyone","access",1
"everyone","one",1
"exactly","they",1
"exactly","what",1
"example","of",1
"examples","where",1
"exams","it",1
"excelente","cancion",1
"expect","a",1
"fact","that",1
"fadi","copyright",1
"fave","band",1
"favorite","to",1
"feel","sad",1
"feeling","nostalgia",1
"felipegamerpley","oo",1
"festivals","and",1
"fevrier","mars",1
"fifa","laughing",1
"film","city",1
"finally","find",1
"find","my",1
"find","your",1
"first","if",1
"first","time",1
"food","also",1
"food","and",1
"fool","from",1
"for","fun",1
"for","like",1
"for","likes",1
"for","motive",1
"for","ourselvesthats",1
"for","peace",1
"for","real",1
"for","something",1
"for","such",1
"for","the",1
"for","womans",1
"for","your",1
"foreign","people",1
"foreign","used",1
"forever","for",1
"forever","on",1
"forget","this",1
"fr","especially",1
"fr","i",1
"from","ad",1
"from","april",1
"from","birth",1
"from","florida",1
"from","foreign",1
"from","futur",1
"from","future",1
"from","japan",1
"from","ohio",1
"from","registered",1
"from","selfmiscarriage",1
"from","texas",1
"from","turkiye",1
"from","varanasi",1
"full","of",1
"fun","i",1
"fun","talking",1
"funny","how",1
"future","spot",1
"futurethough","we",1
"g","money",1
"gaata","hai",1
"galat","dikha",1
"gandu","koi",1
"gane","me",1
"gave","your",1
"gayi","hai",1
"germany","but",1
"germany","legalized",1
"get","attention",1
"get","jokes",1
"get","over",1
"gets","cancelled",1
"gets","crazy",1
"gets","old",1
"given","everyone",1
"gknilesh","sorry",1
"go","and",1
"god","laughing",1
"going","to",1
"gojos","return",1
"great","but",1
"great","way",1
"grounds","and",1
"guess","you",1
"guns","or",1
"guy","made",1
"gyan","tum",1
"h","aapke",1
"h","lagi",1
"had","to",1
"hahaha","me",1
"hahaha","no",1
"hai","kya",1
"hai","shayad",1
"hai","swami",1
"hai","varanasi",1
"happiness","soon",1
"happy","birthday",1
"happy","that",1
"happypotato","and",1
"happypotato","how",1
"harder","turkey",1
"has","already",1
"has","given",1
"has","india",1
"has","made",1
"has","settled",1
"has","time",1
"hate","india",1
"hate","these",1
"hated","my",1
"hater","of",1
"have","copyright",1
"have","disrespected",1
"have","liked",1
"have","listened",1
"have","made",1
"have","no",1
"have","wrong",1
"he","loves",1
"he","not",1
"he","represented",1
"he","tera",1
"he","walking",1
"hear","this",1
"hehe","sorry",1
"hello","from",1
"hello","love",1
"hello","mu",1
"here","and",1
"here","anymore",1
"here","baby",1
"here","bro",1
"here","brother",1
"here","iam",1
"here","in",1
"here","may",1
"here","mu",1
"here","my",1
"here","next",1
"here","this",1
"here","to",1
"here","too",1
"here","turkey",1
"heshe","should",1
"hey","amigo",1
"hey","i",1
"hey","me",1
"hey","mee",1
"hi","from",1
"hi","song",1
"hi","sunty",1
"hi","yo",1
"highlighting","culture",1
"hindu","culture",1
"hindu","scriptures",1
"hinduism","and",1
"hinduism","is",1
"hinduism","which",1
"hindus","with",1
"hindustan","is",1
"hindustan","not",1
"his","career",1
"his","memory",1
"his","this",1
"hl","bir",1
"hokar","yeh",1
"hollywood","appreciating",1
"hone","de",1
"hoping","to",1
"hours","before",1
"how","can",1
"how","does",1
"how","western",1
"htt","mccsavagecomedians",1
"hum","indians",1
"hun","but",1
"hutiyo","kyoki",1
"hz","gets",1
"i","come",1
"i","commented",1
"i","dont",1
"i","dream",1
"i","feel",1
"i","gave",1
"i","got",1
"i","guess",1
"i","had",1
"i","hate",1
"i","just",1
"i","know",1
"i","liked",1
"i","miss",1
"i","missed",1
"i","moved",1
"i","never",1
"i","suppose",1
"i","think",1
"i","this",1
"i","thought",1
"i","to",1
"i","want",1
"i","went",1
"iam","from",1
"iam","nigga",1
"iam","registered",1
"idhar","bhi",1
"idiot","india",1
"idol","worshippers",1
"if","alive",1
"if","it",1
"if","u",1
"if","we",1
"ijjat","nahi",1
"im","a",1
"im","from",1
"im","india",1
"im","indian",1
"imrankhancyezit","is",1
"in","as",1
"in","brasil",1
"in","comments",1
"in","delhi",1
"in","english",1
"in","filth",1
"in","germany",1
"in","here",1
"in","his",1
"in","india",1
"in","israel",1
"in","its",1
"in","m",1
"in","muzlims",1
"in","my",1
"in","oh",1
"in","soon",1
"in","their",1
"in","years",1
"incredible","song",1
"india","as",1
"india","bro",1
"india","brother",1
"india","but",1
"india","by",1
"india","cent",1
"india","do",1
"india","in",1
"india","instead",1
"india","ka",1
"india","laughing",1
"india","made",1
"india","or",1
"india","son",1
"india","that",1
"india","you",1
"indian","are",1
"indian","bingalingalingling",1
"indian","but",1
"indian","cultures",1
"indian","cultureshows",1
"indian","hun",1
"indian","indian",1
"indian","industries",1
"indian","karne",1
"indian","registered",1
"indians","hi",1
"indians","make",1
"indians","you",1
"indias","culture",1
"indonesia","tapi",1
"industries","like",1
"industry","atleast",1
"instead","be",1
"insulting","song",1
"into","hz",1
"is","also",1
"is","am",1
"is","april",1
"is","beautiful",1
"is","big",1
"is","bro",1
"is","cultural",1
"is","emotion",1
"is","film",1
"is","gane",1
"is","going",1
"is","goodie",1
"is","great",1
"is","in",1
"is","it",1
"is","joke",1
"is","just",1
"is","lives",1
"is","major",1
"is","may",1
"is","next",1
"is","no",1
"is","north",1
"is","present",1
"is","quite",1
"is","sunday",1
"is","temples",1
"is","their",1
"is","varanasi",1
"is","watching",1
"is","we",1
"is","your",1
"isaacdtrujillo","hehe",1
"israel","and",1
"it","again",1
"it","by",1
"it","crazy",1
"it","daily",1
"it","on",1
"it","pagan",1
"it","take",1
"it","yall",1
"its","background",1
"its","india",1
"its","not",1
"its","still",1
"jaatboy","registered",1
"jadore","cette",1
"jai","registered",1
"jai","shree",1
"janvier","fevrier",1
"japan","is",1
"japan","japan",1
"jassimfoxy","wow",1
"ji","yaha",1
"jiti","do",1
"jityou","recist",1
"joe","mama",1
"joke","that",1
"juga","toh",1
"just","for",1
"just","highlighting",1
"just","hours",1
"just","like",1
"just","missed",1
"just","randomly",1
"just","saying",1
"just","want",1
"ka","area",1
"ka","culture",1
"ka","hokar",1
"ka","post",1
"kar","gandu",1
"karishna","kumar",1
"karne","se",1
"kashmir","and",1
"keu","aj",1
"ki","gayi",1
"ki","jai",1
"ki","koshish",1
"ki","photo",1
"kid","in",1
"kimmeghna","u",1
"kimmeghnano","it",1
"kinds","of",1
"know","that",1
"know","what",1
"ko","eh",1
"koi","award",1
"koi","ijjat",1
"kollywood","tollywood",1
"koshish","ki",1
"ktva","mulla",1
"kuch","galat",1
"kumar","yadaf",1
"kya","india",1
"kya","ye",1
"kyoki","sara",1
"l","advise",1
"l","listen",1
"la","llevare",1
"lagi","h",1
"lan","is",1
"late","buddy",1
"late","happy",1
"le","chanteur",1
"learn","to",1
"legalized","marihuana",1
"leyenda","despues",1
"liberals","while",1
"lied","bringt",1
"like","a",1
"like","an",1
"like","indian",1
"like","kollywood",1
"like","me",1
"like","u",1
"like","watch",1
"liked","you",1
"liked","your",1
"likes","lene",1
"listen","it",1
"listen","this",1
"listend","this",1
"listening","from",1
"listening","in",1
"listining","this",1
"literacy","is",1
"literally","listen",1
"literally","love",1
"lives","in",1
"llevare","dentro",1
"lm","here",1
"lo","hutiyo",1
"logon","ko",1
"looking","for",1
"loud","bc",1
"loud","this",1
"loud","u",1
"love","back",1
"love","messi",1
"love","my",1
"love","your",1
"loves","india",1
"luck","for",1
"m","from",1
"m","hm",1
"machismo","hahaha",1
"made","his",1
"made","thousands",1
"made","you",1
"maharashtra","as",1
"mai","bhi",1
"main","problem",1
"mais","recente",1
"major","is",1
"make","a",1
"make","cinema",1
"make","faltu",1
"make","world",1
"malathipknqo","i",1
"man","cmon",1
"mano","cent",1
"marihuana","in",1
"mars","avril",1
"mast","he",1
"mata","ki",1
"match","sunday",1
"may","bros",1
"may","buddy",1
"may","cent",1
"may","chlra",1
"may","meet",1
"may","shuru",1
"may","still",1
"may","yet",1
"may","you",1
"mayo","no",1
"me","at",1
"me","beautiful",1
"me","dikhaya",1
"me","example",1
"me","first",1
"me","from",1
"me","hello",1
"me","here",1
"me","man",1
"me","o",1
"me","um",1
"me","upper",1
"mean","duffer",1
"meaning","of",1
"meet","i",1
"meliodas","ce",1
"memorial","day",1
"messi","and",1
"mhm","definitly",1
"mi","la",1
"mich","zum",1
"mil","jayega",1
"mil","rhi",1
"mins","ago",1
"minute","ago",1
"minutes","ago",1
"miss","love",1
"miss","my",1
"miss","the",1
"missed","april",1
"missed","it",1
"missed","my",1
"mom","what",1
"money","or",1
"money","represent",1
"month","earlier",1
"months","late",1
"moon","is",1
"morto","gojo",1
"most","powerful",1
"most","welcome",1
"motive","your",1
"moved","back",1
"moye","moye",1
"mu","a",1
"mu","avicii",1
"mu","coldpay",1
"mumbai","and",1
"mumbai","maharashtra",1
"mumbai","was",1
"music","videos",1
"muslim","simple",1
"muslims","or",1
"must","not",1
"muzlims","it",1
"my","brothers",1
"my","channel",1
"my","comments",1
"my","future",1
"my","god",1
"my","heart",1
"my","love",1
"my","pure",1
"my","soul",1
"my","th",1
"naak","se",1
"nahi","de",1
"nahi","hai",1
"nahi","mil",1
"namaste","and",1
"name","please",1
"nao","ta",1
"nas","daily",1
"need","to",1
"nem","tinha",1
"neni","dvovod",1
"never","gets",1
"never","hated",1
"never","may",1
"next","earr",1
"ng","baby",1
"niazahmadmohamadzubir","but",1
"nice","and",1
"nice","culture",1
"nice","joke",1
"nice","song",1
"no","bro",1
"no","he",1
"no","i",1
"no","im",1
"no","in",1
"no","india",1
"no","need",1
"no","te",1
"no","this",1
"no","timemechine",1
"no","traditional",1
"nobody","cares",1
"nobody","laughing",1
"nonsense","things",1
"nope","you",1
"north","is",1
"north","part",1
"northeast","punjab",1
"not","applicable",1
"not","april",1
"not","be",1
"not","covered",1
"not","cry",1
"not","from",1
"not","here",1
"not","india",1
"not","indians",1
"not","like",1
"not","me",1
"not","of",1
"not","offend",1
"not","only",1
"not","safe",1
"not","saturday",1
"not","see",1
"not","shows",1
"not","special",1
"not","they",1
"not","why",1
"nothing","else",1
"o","comentario",1
"of","april",1
"of","dhravai",1
"of","examples",1
"of","fifa",1
"of","hollywood",1
"of","songs",1
"of","stars",1
"of","taxis",1
"of","them",1
"of","u",1
"of","you",1
"of","your",1
"ofc","hindustan",1
"off","the",1
"offend","whole",1
"offended","by",1
"oh","my",1
"oh","that",1
"oh","yes",1
"ok","ustad",1
"old","bro",1
"on","g",1
"on","hinduism",1
"on","hindustan",1
"on","india",1
"on","indian",1
"on","it",1
"on","same",1
"on","that",1
"on","the",1
"on","this",1
"on","too",1
"on","vrindavan",1
"on","you",1
"once","a",1
"one","adopt",1
"one","cares",1
"one","day",1
"one","month",1
"one","respects",1
"one","sure",1
"one","to",1
"onesideloveshayri","which",1
"only","about",1
"only","black",1
"only","bollywood",1
"only","make",1
"only","one",1
"only","seen",1
"only","show",1
"only","this",1
"or","alcoholic",1
"or","hater",1
"or","money",1
"or","pakistan",1
"or","south",1
"ora","catag",1
"oscar","winner",1
"other","countries",1
"other","indian",1
"other","nonsense",1
"our","culture",1
"our","parents",1
"our","scriptureslike",1
"ourselvesthats","why",1
"over","it",1
"owenclaudy","hr",1
"pagan","grounds",1
"paisa","mil",1
"pakistan","beggar",1
"pakistan","beggars",1
"pakistan","people",1
"pandemia","bendiciones",1
"papa","ki",1
"parents","that",1
"pe","indian",1
"pe","papa",1
"peaceful","song",1
"pel","lo",1
"people","from",1
"people","just",1
"people","smell",1
"perfect","song",1
"photo","h",1
"photo","profile",1
"play","during",1
"playing","gta",1
"please","i",1
"please","reply",1
"plqza","mu",1
"post","keu",1
"powerful","country",1
"practice","hinduism",1
"present","sir",1
"present","sirm",1
"prevalent","in",1
"probebly","listening",1
"problem","is",1
"problem","of",1
"proud","even",1
"proud","indian",1
"proud","to",1
"puch","raha",1
"punjab","kashmir",1
"pure","culture",1
"put","hindus",1
"put","urself",1
"put","us",1
"que","achei",1
"que","excuse",1
"quite","prevalent",1
"r","a",1
"racist","and",1
"raha","hai",1
"randomly","see",1
"rd","baby",1
"realidad","es",1
"rebeccalaytonlove","from",1
"recent","oscar",1
"recente","que",1
"reply","then",1
"reply","who",1
"represent","whoot",1
"represented","india",1
"respect","your",1
"respects","your",1
"rest","you",1
"return","gets",1
"rha","baat",1
"rhi","apan",1
"rib","dialed",1
"roast","video",1
"ronyislive","what",1
"rragamestarbro","because",1
"sad","for",1
"safe","for",1
"said","wrong",1
"same","bro",1
"same","date",1
"same","for",1
"same","time",1
"same","to",1
"sanatanixyz","mu",1
"sandalwood","mollywood",1
"sara","bakchod",1
"sara","cultur",1
"savagecomediansno","they",1
"saves","me",1
"say","all",1
"say","anything",1
"say","habibi",1
"say","such",1
"say","what",1
"saying","that",1
"scriptures","and",1
"scriptureslike","recent",1
"se","gaata",1
"se","koi",1
"se","mai",1
"second","of",1
"secs","ago",1
"secular","country",1
"see","a",1
"see","i",1
"see","temple",1
"see","your",1
"seeing","these",1
"seen","in",1
"selfmiscarriage","from",1
"semester","college",1
"settled","in",1
"shame","on",1
"shantiprakashbihani","fg",1
"shantiprakashbihani","i",1
"shashvatpatil","they",1
"shooted","in",1
"should","comment",1
"should","heshe",1
"show","me",1
"show","our",1
"show","up",1
"show","you",1
"showed","and",1
"shows","northeast",1
"shree","ram",1
"shuru","to",1
"shut","up",1
"side","ka",1
"since","the",1
"single","one",1
"sintiendome","asi",1
"sky","full",1
"slavery","funny",1
"slow","i",1
"slowly","india",1
"slowly","slowly",1
"slums","of",1
"smell","bad",1
"so","cute",1
"so","delusional",1
"so","old",1
"so","true",1
"so","who",1
"something","that",1
"something","to",1
"somos","leyenda",1
"son","so",1
"song","again",1
"song","as",1
"song","back",1
"song","every",1
"song","has",1
"song","have",1
"song","in",1
"song","love",1
"song","on",1
"song","once",1
"song","saves",1
"song","which",1
"song","zada",1
"songs","on",1
"soon","hoping",1
"sorry","bro",1
"sorry","dear",1
"sorry","i",1
"sout","industry",1
"south","agenda",1
"speak","your",1
"spent","a",1
"ss","bro",1
"start","off",1
"still","beautiful",1
"still","bro",1
"still","in",1
"still","listening",1
"still","may",1
"still","sout",1
"still","stuck",1
"still","we",1
"stinks","in",1
"stinky","language",1
"stop","drinking",1
"stop","tryna",1
"stuck","in",1
"stuck","on",1
"substance","to",1
"such","a",1
"such","excuse",1
"such","things",1
"sufiyanratnani","ofc",1
"sunday","night",1
"sunday","not",1
"sunty","hai",1
"sure","about",1
"swami","ji",1
"ta","chida",1
"ta","morto",1
"take","away",1
"talking","to",1
"tambem","mano",1
"tantas","cosas",1
"tanto","xd",1
"tapi","malaysia",1
"taught","by",1
"taxis","are",1
"te","adelantes",1
"tell","your",1
"tem","vibes",1
"temple","behind",1
"temples","and",1
"tent","and",1
"tera","baap",1
"terrorists","culture",1
"tf","will",1
"th","april",1
"th","like",1
"th","semester",1
"th","to",1
"than","earth",1
"thank","you",1
"thanks","all",1
"that","bollywood",1
"that","day",1
"that","even",1
"that","foreign",1
"that","he",1
"that","i",1
"that","india",1
"that","indias",1
"that","mumbai",1
"that","was",1
"that","we",1
"that","why",1
"thats","what",1
"the","best",1
"the","fact",1
"the","futurethough",1
"the","heck",1
"the","main",1
"the","meaning",1
"the","memorial",1
"the","most",1
"the","only",1
"the","playlist",1
"the","problem",1
"the","second",1
"the","slums",1
"the","song",1
"the","th",1
"the","time",1
"the","way",1
"the","window",1
"theiigotriangularroundi","thought",1
"their","culture",1
"their","music",1
"them","are",1
"then","u",1
"there","is",1
"these","kinds",1
"theshadow","because",1
"theshadow","learn",1
"theshadow","nobody",1
"theshadow","why",1
"they","do",1
"they","have",1
"they","only",1
"they","said",1
"they","spent",1
"they","use",1
"things","i",1
"things","like",1
"think","they",1
"thinking","about",1
"this","byson",1
"this","comment",1
"this","everyday",1
"this","incredible",1
"this","it",1
"this","just",1
"this","my",1
"this","never",1
"this","on",1
"this","peaceful",1
"this","time",1
"this","was",1
"this","while",1
"though","until",1
"thought","it",1
"thought","that",1
"tht","is",1
"time","in",1
"time","looking",1
"time","loop",1
"time","machine",1
"time","please",1
"time","to",1
"time","travellers",1
"time","when",1
"tinha","visto",1
"to","alcohol",1
"to","an",1
"to","become",1
"to","call",1
"to","come",1
"to","create",1
"to","de",1
"to","england",1
"to","escape",1
"to","hone",1
"to","is",1
"to","laughing",1
"to","listend",1
"to","listened",1
"to","make",1
"to","mast",1
"to","mumbai",1
"to","ng",1
"to","not",1
"to","respect",1
"to","say",1
"to","see",1
"to","start",1
"to","translate",1
"to","u",1
"to","visit",1
"to","watch",1
"to","write",1
"todavia","estamos",1
"today","is",1
"todos","excelente",1
"toh","may",1
"tollywood","sandalwood",1
"too","also",1
"too","and",1
"too","brother",1
"too","slow",1
"toute","lannee",1
"trademark","india",1
"traditional","clothes",1
"traveler","laughing",1
"trinidadian","like",1
"try","to",1
"tryna","get",1
"tum","yahi",1
"turkey","or",1
"u","are",1
"u","call",1
"u","coldplay",1
"u","do",1
"u","must",1
"u","people",1
"u","r",1
"u","stuck",1
"u","then",1
"u","wanna",1
"uh","huh",1
"uleon","same",1
"um","video",1
"under","britisher",1
"until","we",1
"until","when",1
"up","in",1
"upper","moon",1
"ure","either",1
"urself","with",1
"us","christains",1
"us","racist",1
"use","guns",1
"used","to",1
"userfotzsqy","but",1
"userfotzsqybro","sandalwood",1
"userrrxupio","i",1
"userrrxupioi","will",1
"ustad","karishna",1
"uwu","me",1
"varanasi","as",1
"varanasi","side",1
"varanasi","where",1
"vera","level",1
"verdade","nem",1
"very","nice",1
"very","well",1
"vibes","inesqueciveis",1
"video","and",1
"video","de",1
"video","on",1
"videos","and",1
"visit","south",1
"visto","que",1
"vlog","on",1
"vrindavan","and",1
"walking","in",1
"wanna","love",1
"want","something",1
"want","to",1
"was","minutes",1
"was","my",1
"was","not",1
"was","probebly",1
"was","shooted",1
"was","showed",1
"was","the",1
"was","truemuktadir",1
"watch","for",1
"watch","it",1
"watching","from",1
"watching","it",1
"way","to",1
"we","all",1
"we","indians",1
"we","never",1
"we","say",1
"we","were",1
"week","great",1
"welcome","and",1
"welcome","bro",1
"welcome","brother",1
"welcome","buddy",1
"well","disciplined",1
"well","it",1
"went","though",1
"were","taught",1
"were","under",1
"west","bengal",1
"west","media",1
"western","women",1
"whant","to",1
"what","day",1
"what","do",1
"what","india",1
"what","it",1
"what","now",1
"what","should",1
"what","we",1
"whatever","you",1
"when","the",1
"where","people",1
"where","they",1
"which","has",1
"which","place",1
"which","you",1
"while","a",1
"while","playing",1
"white","guy",1
"who","is",1
"who","tf",1
"whole","india",1
"whoot","whoot",1
"why","i",1
"why","no",1
"why","only",1
"why","the",1
"why","you",1
"will","expect",1
"will","go",1
"will","make",1
"will","show",1
"winner","oppenheimer",1
"wish","if",1
"with","this",1
"wold","iam",1
"women","are",1
"world","by",1
"world","class",1
"world","has",1
"worry","my",1
"worshippers","as",1
"wow","i",1
"write","comments",1
"wrong","bro",1
"wrong","thinking",1
"wut","about",1
"y","a",1
"y","pandemia",1
"y","sintiendome",1
"ya","i",1
"yadaf","sharma",1
"yah","me",1
"yaha","bharat",1
"yahi","pel",1
"yall","am",1
"ye","aadmi",1
"ye","bakchodi",1
"ye","song",1
"yeah","am",1
"yeah","boi",1
"yeah","bro",1
"yeah","broo",1
"yeah","dude",1
"yeah","me",1
"yeah","still",1
"yeah","wsg",1
"yeap","from",1
"yeap","match",1
"year","is",1
"year","until",1
"years","cent",1
"years","feeling",1
"yeh","i",1
"yeh","puch",1
"yep","th",1
"yes","april",1
"yes","brow",1
"yes","bruh",1
"yes","indian",1
"yes","it",1
"yes","mi",1
"yes","registered",1
"yes","true",1
"yes","turkey",1
"yes","why",1
"yo","ahora",1
"yo","aqui",1
"yo","bro",1
"yo","cent",1
"yo","es",1
"yo","i",1
"yo","secs",1
"you","adopted",1
"you","all",1
"you","believe",1
"you","buffoon",1
"you","can",1
"you","com",1
"you","did",1
"you","find",1
"you","hate",1
"you","have",1
"you","in",1
"you","knoow",1
"you","mean",1
"you","people",1
"you","play",1
"you","see",1
"you","the",1
"you","thousands",1
"you","to",1
"you","whant",1
"your","coment",1
"your","comment",1
"your","country",1
"your","entire",1
"your","father",1
"your","future",1
"your","happiness",1
"your","india",1
"your","literacy",1
"your","mom",1
"your","most",1
"your","name",1
"your","pfp",1
"your","photo",1
"your","stinky",1
"your","th",1
"your","video",1
"your","welcome",1
"your","words",1
"youtube","has",1
"yug","i",1
"yup","bro",1
"zum","weinen",1
